Car_Manufacturer,Car_Model,Engine_Type,Colour,Body_Style,Car_ID
Ford,Expedition,Double Overhead Camshaft,Black,SUV,1
Dodge,Durango,Double Overhead Camshaft,Black,SUV,2
Cadillac,Eldorado,Overhead Camshaft,Red,Passenger,3
Toyota,Celica,Overhead Camshaft,Pale White,SUV,4
Acura,TL,Double Overhead Camshaft,Red,Hatchback,5
Mitsubishi,Diamante,Overhead Camshaft,Pale White,Hatchback,6
Toyota,Corolla,Overhead Camshaft,Pale White,Passenger,7
Mitsubishi,Galant,Double Overhead Camshaft,Pale White,Passenger,8
Chevrolet,Malibu,Overhead Camshaft,Pale White,Hardtop,9
Ford,Escort,Double Overhead Camshaft,Pale White,Passenger,10
Acura,RL,Overhead Camshaft,Pale White,SUV,11
Nissan,Pathfinder,Double Overhead Camshaft,Pale White,Hardtop,12
Mercury,Grand Marquis,Double Overhead Camshaft,Black,SUV,13
BMW,323i,Double Overhead Camshaft,Pale White,Hatchback,14
Chrysler,Sebring Coupe,Overhead Camshaft,Pale White,Sedan,15
Subaru,Forester,Overhead Camshaft,Pale White,Hatchback,16
Hyundai,Accent,Overhead Camshaft,Black,Hatchback,17
Cadillac,Eldorado,Double Overhead Camshaft,Pale White,Passenger,18
Toyota,Land Cruiser,Double Overhead Camshaft,Pale White,SUV,19
Honda,Accord,Double Overhead Camshaft,Pale White,Sedan,20
Toyota,4Runner,Overhead Camshaft,Black,Sedan,21
Infiniti,I30,Double Overhead Camshaft,Black,Hardtop,22
Audi,A4,Overhead Camshaft,Pale White,Hardtop,23
Porsche,Carrera Cabrio,Double Overhead Camshaft,Pale White,Passenger,24
Volkswagen,Jetta,Double Overhead Camshaft,Pale White,Passenger,25
Dodge,Viper,Double Overhead Camshaft,Pale White,SUV,26
Buick,Regal,Double Overhead Camshaft,Black,Passenger,27
Chrysler,LHS,Overhead Camshaft,Pale White,Hatchback,28
Saturn,LW,Overhead Camshaft,Pale White,Hatchback,29
Mitsubishi,3000GT,Overhead Camshaft,Pale White,Sedan,30
Mercedes-B,SLK230,Overhead Camshaft,Pale White,Hatchback,31
Honda,Civic,Overhead Camshaft,Black,Hatchback,32
Jaguar,S-Type,Double Overhead Camshaft,Black,Passenger,33
Volvo,S40,Double Overhead Camshaft,Pale White,Sedan,34
Mercury,Mountaineer,Double Overhead Camshaft,Pale White,SUV,35
Buick,Park Avenue,Double Overhead Camshaft,Black,Hatchback,36
Mitsubishi,Montero Sport,Double Overhead Camshaft,Pale White,SUV,37
Nissan,Sentra,Double Overhead Camshaft,Black,Passenger,38
Volvo,S80,Overhead Camshaft,Pale White,Sedan,39
Chevrolet,Lumina,Overhead Camshaft,Black,Passenger,40
Mitsubishi,Montero Sport,Double Overhead Camshaft,Black,Hatchback,41
Pontiac,Bonneville,Overhead Camshaft,Black,Hatchback,42
Mercedes-B,C-Class,Overhead Camshaft,Pale White,Hatchback,43
BMW,323i,Overhead Camshaft,Pale White,Hatchback,44
Acura,TL,Double Overhead Camshaft,Pale White,Hatchback,45
Nissan,Altima,Double Overhead Camshaft,Pale White,Hatchback,46
Cadillac,DeVille,Double Overhead Camshaft,Pale White,SUV,47
Dodge,Stratus,Double Overhead Camshaft,Pale White,Hatchback,48
Audi,A4,Double Overhead Camshaft,Black,Hardtop,49
Mercury,Cougar,Double Overhead Camshaft,Black,Hatchback,50
Saturn,SW,Double Overhead Camshaft,Pale White,Passenger,51
Volvo,C70,Overhead Camshaft,Black,Hatchback,52
Mercury,Mountaineer,Overhead Camshaft,Pale White,SUV,53
Mercedes-B,SLK,Overhead Camshaft,Pale White,Passenger,54
Toyota,Tacoma,Overhead Camshaft,Black,Hardtop,55
Mercedes-B,M-Class,Overhead Camshaft,Pale White,Hatchback,56
Audi,A6,Double Overhead Camshaft,Black,SUV,57
Dodge,Intrepid,Double Overhead Camshaft,Pale White,Sedan,58
Dodge,Viper,Overhead Camshaft,Black,SUV,59
Toyota,Sienna,Overhead Camshaft,Black,Passenger,60
Mitsubishi,Diamante,Double Overhead Camshaft,Pale White,Hatchback,61
Jaguar,S-Type,Overhead Camshaft,Pale White,Passenger,62
Mitsubishi,Eclipse,Overhead Camshaft,Black,SUV,63
Ford,Contour,Double Overhead Camshaft,Pale White,Sedan,64
Volkswagen,Jetta,Double Overhead Camshaft,Black,Passenger,65
Mitsubishi,Montero Sport,Double Overhead Camshaft,Black,SUV,66
Lincoln,Town car,Overhead Camshaft,Black,Hatchback,67
Ford,Focus,Overhead Camshaft,Black,Hardtop,68
Audi,A6,Overhead Camshaft,Black,SUV,69
Acura,TL,Double Overhead Camshaft,Black,Hatchback,70
Ford,Mustang,Overhead Camshaft,Pale White,Hatchback,71
Oldsmobile,Cutlass,Double Overhead Camshaft,Pale White,Sedan,72
Chevrolet,Corvette,Double Overhead Camshaft,Pale White,SUV,73
Chevrolet,Impala,Overhead Camshaft,Pale White,Hatchback,74
Volkswagen,Cabrio,Overhead Camshaft,Pale White,Sedan,75
Dodge,Dakota,Overhead Camshaft,Pale White,Sedan,76
Chrysler,300M,Double Overhead Camshaft,Black,SUV,77
BMW,328i,Double Overhead Camshaft,Black,Sedan,78
Oldsmobile,Bravada,Double Overhead Camshaft,Pale White,Hatchback,79
Nissan,Maxima,Overhead Camshaft,Pale White,Sedan,80
Dodge,Ram Pickup,Overhead Camshaft,Pale White,Hardtop,81
Chrysler,Concorde,Double Overhead Camshaft,Pale White,Hardtop,82
Chrysler,300M,Double Overhead Camshaft,Pale White,SUV,83
Volvo,V70,Double Overhead Camshaft,Black,Passenger,84
Nissan,Quest,Overhead Camshaft,Black,SUV,85
Chrysler,LHS,Double Overhead Camshaft,Black,Hatchback,86
Honda,Accord,Overhead Camshaft,Black,Sedan,87
Dodge,Durango,Double Overhead Camshaft,Pale White,SUV,88
Lexus,ES300,Double Overhead Camshaft,Black,SUV,89
Mercedes-B,SL-Class,Overhead Camshaft,Black,Hardtop,90
Ford,Explorer,Double Overhead Camshaft,Pale White,Hatchback,91
Nissan,Pathfinder,Double Overhead Camshaft,Pale White,Hatchback,92
Volvo,C70,Double Overhead Camshaft,Black,Hatchback,93
Chevrolet,Prizm,Overhead Camshaft,Pale White,Hardtop,94
Mercury,Grand Marquis,Overhead Camshaft,Pale White,SUV,95
Chevrolet,Camaro,Double Overhead Camshaft,Pale White,Sedan,96
Subaru,Outback,Double Overhead Camshaft,Pale White,SUV,97
Buick,Park Avenue,Double Overhead Camshaft,Pale White,Hatchback,98
Ford,Taurus,Overhead Camshaft,Black,SUV,99
Chevrolet,Cavalier,Overhead Camshaft,Pale White,SUV,100
Mitsubishi,Diamante,Overhead Camshaft,Black,Hatchback,101
Lexus,GS400,Double Overhead Camshaft,Black,Hatchback,102
Chrysler,Concorde,Double Overhead Camshaft,Pale White,Hatchback,103
Chrysler,Sebring Coupe,Double Overhead Camshaft,Pale White,Sedan,104
Chevrolet,Monte Carlo,Overhead Camshaft,Pale White,Hatchback,105
Hyundai,Sonata,Overhead Camshaft,Black,SUV,106
Mercury,Sable,Double Overhead Camshaft,Pale White,Sedan,107
Mercedes-B,SL-Class,Overhead Camshaft,Pale White,Hardtop,108
Volvo,C70,Overhead Camshaft,Pale White,Hatchback,109
Chevrolet,Metro,Double Overhead Camshaft,Pale White,Passenger,110
Plymouth,Voyager,Overhead Camshaft,Pale White,Passenger,111
Chrysler,Cirrus,Double Overhead Camshaft,Pale White,Passenger,112
Lexus,ES300,Double Overhead Camshaft,Pale White,SUV,113
Dodge,Intrepid,Overhead Camshaft,Black,Sedan,114
Dodge,Avenger,Double Overhead Camshaft,Pale White,Passenger,115
Chevrolet,Corvette,Overhead Camshaft,Pale White,SUV,116
Acura,RL,Overhead Camshaft,Black,SUV,117
Honda,Odyssey,Overhead Camshaft,Pale White,Passenger,118
Oldsmobile,Intrigue,Overhead Camshaft,Pale White,SUV,119
Oldsmobile,Silhouette,Overhead Camshaft,Pale White,Sedan,120
Saab,9-5,Overhead Camshaft,Pale White,Hatchback,121
BMW,528i,Overhead Camshaft,Pale White,SUV,122
Oldsmobile,Silhouette,Double Overhead Camshaft,Pale White,Sedan,123
Lexus,LS400,Double Overhead Camshaft,Black,Sedan,124
Cadillac,Eldorado,Double Overhead Camshaft,Black,Passenger,125
Pontiac,Bonneville,Double Overhead Camshaft,Pale White,Hatchback,126
Chevrolet,Monte Carlo,Overhead Camshaft,Black,Hatchback,127
Oldsmobile,Aurora,Overhead Camshaft,Pale White,Passenger,128
Mitsubishi,Diamante,Double Overhead Camshaft,Black,Hatchback,129
Ford,Expedition,Overhead Camshaft,Pale White,SUV,130
Mercedes-B,M-Class,Overhead Camshaft,Pale White,Hardtop,131
BMW,528i,Overhead Camshaft,Black,SUV,132
Subaru,Forester,Double Overhead Camshaft,Black,Hardtop,133
Plymouth,Breeze,Overhead Camshaft,Pale White,SUV,134
Volkswagen,Beetle,Double Overhead Camshaft,Pale White,SUV,135
Hyundai,Elantra,Overhead Camshaft,Pale White,Sedan,136
Saturn,SW,Overhead Camshaft,Black,Passenger,137
Lincoln,Continental,Overhead Camshaft,Pale White,Passenger,138
Nissan,Pathfinder,Overhead Camshaft,Pale White,Hardtop,139
Toyota,RAV4,Double Overhead Camshaft,Pale White,Hatchback,140
Mercury,Villager,Double Overhead Camshaft,Pale White,Passenger,141
Buick,Regal,Double Overhead Camshaft,Pale White,Passenger,142
Mercedes-B,C-Class,Double Overhead Camshaft,Black,Hatchback,143
Volvo,S70,Overhead Camshaft,Black,Hardtop,144
Saturn,LS,Double Overhead Camshaft,Pale White,Sedan,145
Lexus,GS400,Double Overhead Camshaft,Pale White,Hatchback,146
Dodge,Ram Van,Double Overhead Camshaft,Pale White,Hatchback,147
Mercedes-B,S-Class,Double Overhead Camshaft,Black,SUV,148
Mitsubishi,3000GT,Double Overhead Camshaft,Black,Sedan,149
BMW,528i,Double Overhead Camshaft,Black,SUV,150
Chevrolet,Malibu,Overhead Camshaft,Pale White,Hatchback,151
Ford,Mustang,Overhead Camshaft,Black,Hatchback,152
Mercedes-B,SLK,Overhead Camshaft,Black,Passenger,153
Mercedes-B,E-Class,Double Overhead Camshaft,Pale White,Sedan,154
Pontiac,Grand Am,Double Overhead Camshaft,Pale White,SUV,155
Saturn,SC,Double Overhead Camshaft,Black,Hardtop,156
Mercury,Sable,Overhead Camshaft,Pale White,Sedan,157
Toyota,Land Cruiser,Double Overhead Camshaft,Black,SUV,158
Volkswagen,Passat,Overhead Camshaft,Pale White,Hatchback,159
Volkswagen,Passat,Double Overhead Camshaft,Pale White,Hatchback,160
Nissan,Xterra,Double Overhead Camshaft,Black,Passenger,161
Ford,Mustang,Double Overhead Camshaft,Pale White,Hatchback,162
Mercury,Villager,Overhead Camshaft,Pale White,Passenger,163
Nissan,Frontier,Double Overhead Camshaft,Pale White,Hatchback,164
Mitsubishi,Montero Sport,Overhead Camshaft,Pale White,SUV,165
BMW,528i,Double Overhead Camshaft,Pale White,SUV,166
Ford,Crown Victoria,Double Overhead Camshaft,Black,Passenger,167
Nissan,Frontier,Overhead Camshaft,Pale White,Hatchback,168
Toyota,Camry,Overhead Camshaft,Black,Hatchback,169
Lexus,ES300,Double Overhead Camshaft,Pale White,Hatchback,170
Volvo,S40,Overhead Camshaft,Black,Sedan,171
Lincoln,Navigator,Double Overhead Camshaft,Black,Sedan,172
Chevrolet,Prizm,Double Overhead Camshaft,Pale White,Hardtop,173
Toyota,Tacoma,Overhead Camshaft,Pale White,Hardtop,174
Ford,Crown Victoria,Double Overhead Camshaft,Pale White,Passenger,175
Mercedes-B,CL500,Overhead Camshaft,Black,SUV,176
Toyota,Tacoma,Double Overhead Camshaft,Pale White,Hardtop,177
Cadillac,Escalade,Double Overhead Camshaft,Black,Sedan,178
Oldsmobile,Silhouette,Double Overhead Camshaft,Black,Sedan,179
Cadillac,Eldorado,Overhead Camshaft,Pale White,Passenger,180
Mercedes-B,C-Class,Double Overhead Camshaft,Pale White,Hatchback,181
Volkswagen,Golf,Double Overhead Camshaft,Pale White,Hardtop,182
Hyundai,Sonata,Overhead Camshaft,Pale White,SUV,183
Ford,Ranger,Overhead Camshaft,Black,Hatchback,184
Chevrolet,Prizm,Overhead Camshaft,Pale White,SUV,185
Volvo,S40,Overhead Camshaft,Pale White,Sedan,186
Toyota,Corolla,Double Overhead Camshaft,Pale White,Passenger,187
Toyota,RAV4,Overhead Camshaft,Pale White,Hatchback,188
Volvo,S70,Overhead Camshaft,Black,SUV,189
Toyota,Tacoma,Overhead Camshaft,Pale White,Hatchback,190
Plymouth,Prowler,Double Overhead Camshaft,Pale White,Hatchback,191
Toyota,Camry,Double Overhead Camshaft,Pale White,Hatchback,192
Volkswagen,Cabrio,Double Overhead Camshaft,Pale White,Sedan,193
Ford,Windstar,Double Overhead Camshaft,Pale White,Sedan,194
Lincoln,Continental,Overhead Camshaft,Black,Passenger,195
Toyota,Celica,Double Overhead Camshaft,Pale White,SUV,196
Volkswagen,GTI,Overhead Camshaft,Black,SUV,197
Buick,Park Avenue,Overhead Camshaft,Pale White,Hatchback,198
BMW,328i,Overhead Camshaft,Pale White,Sedan,199
Pontiac,Bonneville,Overhead Camshaft,Pale White,Hatchback,200
Volkswagen,Passat,Double Overhead Camshaft,Black,Hatchback,201
Honda,Passport,Overhead Camshaft,Pale White,Hatchback,202
Honda,Passport,Overhead Camshaft,Pale White,Hardtop,203
Chevrolet,Camaro,Double Overhead Camshaft,Black,Sedan,204
Ford,Taurus,Overhead Camshaft,Pale White,SUV,205
Ford,Focus,Overhead Camshaft,Pale White,SUV,206
Porsche,Boxter,Overhead Camshaft,Pale White,SUV,207
Lexus,LX470,Overhead Camshaft,Pale White,SUV,208
Dodge,Stratus,Overhead Camshaft,Pale White,Hatchback,209
Mitsubishi,Montero Sport,Double Overhead Camshaft,Pale White,Hardtop,210
Lincoln,Navigator,Overhead Camshaft,Pale White,Sedan,211
Mercedes-B,M-Class,Overhead Camshaft,Pale White,SUV,212
Nissan,Pathfinder,Double Overhead Camshaft,Pale White,SUV,213
Chevrolet,Metro,Overhead Camshaft,Pale White,Passenger,214
Dodge,Dakota,Double Overhead Camshaft,Pale White,Sedan,215
Porsche,Boxter,Double Overhead Camshaft,Black,SUV,216
Honda,CR-V,Double Overhead Camshaft,Pale White,SUV,217
Volkswagen,Beetle,Double Overhead Camshaft,Pale White,Hatchback,218
Plymouth,Prowler,Overhead Camshaft,Pale White,Hatchback,219
Nissan,Xterra,Overhead Camshaft,Pale White,Passenger,220
Ford,Ranger,Overhead Camshaft,Black,Hardtop,221
Audi,A6,Overhead Camshaft,Pale White,SUV,222
Cadillac,Eldorado,Overhead Camshaft,Black,Passenger,223
Pontiac,Sunfire,Overhead Camshaft,Pale White,Sedan,224
Buick,Regal,Overhead Camshaft,Pale White,Passenger,225
Toyota,Tacoma,Overhead Camshaft,Black,SUV,226
Infiniti,I30,Overhead Camshaft,Pale White,SUV,227
Dodge,Avenger,Double Overhead Camshaft,Black,Passenger,228
Saturn,LS,Overhead Camshaft,Pale White,Sedan,229
Dodge,Ram Pickup,Double Overhead Camshaft,Pale White,SUV,230
Acura,TL,Overhead Camshaft,Pale White,Hatchback,231
Volvo,S70,Double Overhead Camshaft,Pale White,SUV,232
Toyota,RAV4,Overhead Camshaft,Black,Hatchback,233
Dodge,Caravan,Double Overhead Camshaft,Black,Hardtop,234
Dodge,Ram Wagon,Double Overhead Camshaft,Black,Passenger,235
Plymouth,Neon,Overhead Camshaft,Pale White,SUV,236
Jeep,Wrangler,Double Overhead Camshaft,Pale White,Hatchback,237
Plymouth,Neon,Double Overhead Camshaft,Pale White,SUV,238
Lexus,LS400,Double Overhead Camshaft,Pale White,Sedan,239
Plymouth,Voyager,Overhead Camshaft,Black,Passenger,240
Saturn,SC,Overhead Camshaft,Pale White,Hatchback,241
Lexus,LS400,Overhead Camshaft,Pale White,Sedan,242
Mercedes-B,CL500,Overhead Camshaft,Pale White,SUV,243
Mitsubishi,Montero Sport,Overhead Camshaft,Pale White,Hardtop,244
Dodge,Caravan,Double Overhead Camshaft,Pale White,Hardtop,245
Acura,RL,Double Overhead Camshaft,Black,SUV,246
Buick,Park Avenue,Overhead Camshaft,Black,Hatchback,247
Acura,Integra,Double Overhead Camshaft,Black,Passenger,248
Mercedes-B,SLK,Double Overhead Camshaft,Pale White,Passenger,249
Chevrolet,Lumina,Overhead Camshaft,Pale White,Passenger,250
Pontiac,Grand Prix,Double Overhead Camshaft,Pale White,Passenger,251
Jeep,Grand Cherokee,Overhead Camshaft,Black,SUV,252
Ford,F-Series,Overhead Camshaft,Pale White,Passenger,253
Mercury,Villager,Double Overhead Camshaft,Black,Passenger,254
Mercury,Cougar,Overhead Camshaft,Pale White,Hatchback,255
Mercedes-B,S-Class,Overhead Camshaft,Black,SUV,256
Audi,A8,Overhead Camshaft,Black,Passenger,257
Ford,F-Series,Overhead Camshaft,Black,Passenger,258
Jeep,Grand Cherokee,Overhead Camshaft,Pale White,SUV,259
Honda,Accord,Overhead Camshaft,Pale White,Sedan,260
Volkswagen,Cabrio,Double Overhead Camshaft,Black,Sedan,261
Pontiac,Sunfire,Double Overhead Camshaft,Black,Sedan,262
Mercedes-B,S-Class,Double Overhead Camshaft,Pale White,SUV,263
Mitsubishi,Montero Sport,Double Overhead Camshaft,Black,Hardtop,264
Oldsmobile,Intrigue,Double Overhead Camshaft,Pale White,SUV,265
Volkswagen,GTI,Double Overhead Camshaft,Pale White,SUV,266
Mercury,Mystique,Double Overhead Camshaft,Pale White,Passenger,267
Ford,Crown Victoria,Overhead Camshaft,Pale White,Passenger,268
Nissan,Frontier,Overhead Camshaft,Black,Hatchback,269
Mitsubishi,Eclipse,Double Overhead Camshaft,Black,Hardtop,270
Mitsubishi,Montero Sport,Double Overhead Camshaft,Pale White,Hatchback,271
Mercedes-B,SLK230,Double Overhead Camshaft,Black,Hatchback,272
Subaru,Outback,Overhead Camshaft,Pale White,SUV,273
Subaru,Forester,Overhead Camshaft,Pale White,Hardtop,274
Mercedes-B,S-Class,Overhead Camshaft,Pale White,SUV,275
Subaru,Forester,Double Overhead Camshaft,Black,SUV,276
Saab,9-3,Double Overhead Camshaft,Black,Sedan,277
Saturn,SC,Overhead Camshaft,Pale White,SUV,278
Chevrolet,Monte Carlo,Double Overhead Camshaft,Pale White,Hatchback,279
Mercury,Mountaineer,Double Overhead Camshaft,Pale White,Hardtop,280
BMW,323i,Double Overhead Camshaft,Black,Hatchback,281
Jeep,Cherokee,Double Overhead Camshaft,Pale White,Sedan,282
Porsche,Carrera Coupe,Overhead Camshaft,Pale White,Hatchback,283
Dodge,Ram Pickup,Double Overhead Camshaft,Pale White,Hatchback,284
Cadillac,Catera,Double Overhead Camshaft,Pale White,Hatchback,285
Infiniti,I30,Overhead Camshaft,Pale White,Hardtop,286
Mercury,Grand Marquis,Overhead Camshaft,Black,SUV,287
Dodge,Durango,Overhead Camshaft,Black,SUV,288
Porsche,Carrera Coupe,Double Overhead Camshaft,Pale White,Hatchback,289
Plymouth,Breeze,Double Overhead Camshaft,Pale White,Hardtop,290
Nissan,Pathfinder,Overhead Camshaft,Pale White,Hatchback,291
Chrysler,LHS,Double Overhead Camshaft,Pale White,Hatchback,292
Porsche,Carrera Coupe,Overhead Camshaft,Black,Hardtop,293
Dodge,Durango,Overhead Camshaft,Pale White,SUV,294
Mercedes-B,SL-Class,Overhead Camshaft,Pale White,SUV,295
BMW,328i,Overhead Camshaft,Black,Sedan,296
Toyota,Tacoma,Overhead Camshaft,Black,Hatchback,297
Chrysler,Sebring Coupe,Overhead Camshaft,Black,Sedan,298
Cadillac,Seville,Overhead Camshaft,Pale White,Hatchback,299
Dodge,Caravan,Double Overhead Camshaft,Pale White,Hatchback,300
Volvo,S70,Double Overhead Camshaft,Pale White,Hardtop,301
Mercedes-B,CLK Coupe,Double Overhead Camshaft,Pale White,Sedan,302
Buick,LeSabre,Overhead Camshaft,Black,Sedan,303
Dodge,Ram Pickup,Overhead Camshaft,Pale White,Hatchback,304
Lincoln,Town car,Double Overhead Camshaft,Pale White,Hatchback,305
Plymouth,Breeze,Double Overhead Camshaft,Pale White,Hatchback,306
Ford,Windstar,Overhead Camshaft,Pale White,Sedan,307
Chevrolet,Prizm,Overhead Camshaft,Pale White,Hatchback,308
Ford,Focus,Overhead Camshaft,Pale White,Hatchback,309
Chevrolet,Prizm,Overhead Camshaft,Black,Hatchback,310
Lincoln,Town car,Overhead Camshaft,Pale White,Hatchback,311
Audi,A4,Overhead Camshaft,Pale White,Hatchback,312
Toyota,Sienna,Overhead Camshaft,Pale White,Passenger,313
Chrysler,Concorde,Double Overhead Camshaft,Black,SUV,314
Chrysler,Sebring Conv.,Double Overhead Camshaft,Black,SUV,315
Mitsubishi,3000GT,Double Overhead Camshaft,Pale White,Sedan,316
Plymouth,Voyager,Double Overhead Camshaft,Pale White,Passenger,317
Chevrolet,Metro,Double Overhead Camshaft,Black,Passenger,318
Lexus,GS300,Overhead Camshaft,Black,Passenger,319
Porsche,Carrera Coupe,Overhead Camshaft,Pale White,Hardtop,320
Oldsmobile,Aurora,Double Overhead Camshaft,Pale White,Passenger,321
Ford,Focus,Overhead Camshaft,Black,SUV,322
Acura,TL,Overhead Camshaft,Black,Hatchback,323
Pontiac,Firebird,Overhead Camshaft,Black,Hatchback,324
Lexus,LX470,Double Overhead Camshaft,Black,SUV,325
Saturn,SC,Double Overhead Camshaft,Black,SUV,326
Nissan,Pathfinder,Overhead Camshaft,Black,SUV,327
Chevrolet,Corvette,Overhead Camshaft,Black,SUV,328
Volvo,V40,Double Overhead Camshaft,Pale White,SUV,329
Mitsubishi,Montero,Overhead Camshaft,Black,SUV,330
Lexus,GS400,Overhead Camshaft,Black,Hatchback,331
Chevrolet,Prizm,Overhead Camshaft,Black,Hardtop,332
Lexus,ES300,Double Overhead Camshaft,Pale White,Hardtop,333
Chrysler,Town & Country,Overhead Camshaft,Pale White,Sedan,334
Dodge,Ram Pickup,Overhead Camshaft,Black,Hatchback,335
Porsche,Carrera Coupe,Overhead Camshaft,Black,Hatchback,336
Lexus,ES300,Overhead Camshaft,Black,Hatchback,337
Chevrolet,Prizm,Double Overhead Camshaft,Pale White,Hatchback,338
Saturn,SL,Double Overhead Camshaft,Pale White,SUV,339
Ford,Taurus,Double Overhead Camshaft,Black,SUV,340
Chevrolet,Malibu,Double Overhead Camshaft,Black,Hatchback,341
Plymouth,Breeze,Double Overhead Camshaft,Pale White,SUV,342
Toyota,Tacoma,Double Overhead Camshaft,Pale White,Hatchback,343
Infiniti,I30,Overhead Camshaft,Pale White,Hatchback,344
Volvo,S70,Double Overhead Camshaft,Black,SUV,345
Mitsubishi,Montero Sport,Overhead Camshaft,Pale White,Hatchback,346
Dodge,Ram Van,Double Overhead Camshaft,Black,Hatchback,347
Ford,Explorer,Double Overhead Camshaft,Black,Hatchback,348
Chrysler,Concorde,Double Overhead Camshaft,Black,Hatchback,349
Mercedes-B,M-Class,Double Overhead Camshaft,Black,Hatchback,350
Ford,Expedition,Overhead Camshaft,Black,SUV,351
Oldsmobile,Bravada,Double Overhead Camshaft,Black,Hatchback,352
Lexus,LX470,Double Overhead Camshaft,Pale White,SUV,353
Saturn,LW,Double Overhead Camshaft,Pale White,Hatchback,354
Chevrolet,Malibu,Double Overhead Camshaft,Pale White,Hardtop,355
Audi,A4,Overhead Camshaft,Pale White,SUV,356
Dodge,Caravan,Double Overhead Camshaft,Black,SUV,357
Oldsmobile,Cutlass,Overhead Camshaft,Pale White,Sedan,358
Oldsmobile,Alero,Overhead Camshaft,Black,SUV,359
Mitsubishi,Montero Sport,Overhead Camshaft,Black,Hardtop,360
Volvo,S70,Overhead Camshaft,Pale White,Hardtop,361
Plymouth,Breeze,Overhead Camshaft,Pale White,Hardtop,362
Volvo,S70,Overhead Camshaft,Pale White,Hatchback,363
Chevrolet,Malibu,Overhead Camshaft,Pale White,SUV,364
Cadillac,Seville,Overhead Camshaft,Black,Hardtop,365
Oldsmobile,Bravada,Overhead Camshaft,Black,Hatchback,366
Mitsubishi,Eclipse,Overhead Camshaft,Pale White,Hardtop,367
Toyota,RAV4,Double Overhead Camshaft,Black,Hatchback,368
Chrysler,LHS,Overhead Camshaft,Black,Hatchback,369
Dodge,Ram Pickup,Overhead Camshaft,Black,SUV,370
Volkswagen,Beetle,Double Overhead Camshaft,Red,Hardtop,371
Honda,CR-V,Double Overhead Camshaft,Black,SUV,372
Mercury,Cougar,Overhead Camshaft,Red,Hatchback,373
BMW,323i,Double Overhead Camshaft,Red,Hatchback,374
Toyota,Tacoma,Double Overhead Camshaft,Pale White,SUV,375
Volkswagen,Jetta,Double Overhead Camshaft,Red,Passenger,376
Mitsubishi,3000GT,Double Overhead Camshaft,Red,Sedan,377
Chevrolet,Prizm,Overhead Camshaft,Black,SUV,378
Subaru,Forester,Double Overhead Camshaft,Red,SUV,379
Dodge,Ram Pickup,Overhead Camshaft,Pale White,SUV,380
Honda,Passport,Double Overhead Camshaft,Black,SUV,381
Mitsubishi,3000GT,Overhead Camshaft,Red,Sedan,382
Dodge,Ram Pickup,Overhead Camshaft,Black,Hardtop,383
Honda,Civic,Double Overhead Camshaft,Pale White,Hatchback,384
Mitsubishi,Mirage,Double Overhead Camshaft,Black,SUV,385
Infiniti,I30,Double Overhead Camshaft,Pale White,Hardtop,386
Chrysler,Sebring Coupe,Overhead Camshaft,Red,Sedan,387
Jeep,Grand Cherokee,Overhead Camshaft,Red,SUV,388
Mercury,Mystique,Double Overhead Camshaft,Red,Passenger,389
Saturn,SC,Double Overhead Camshaft,Red,Hardtop,390
Chrysler,300M,Double Overhead Camshaft,Red,SUV,391
Mitsubishi,Montero Sport,Overhead Camshaft,Black,Hatchback,392
Saturn,SW,Double Overhead Camshaft,Red,Passenger,393
Jeep,Cherokee,Double Overhead Camshaft,Red,Sedan,394
Ford,Explorer,Double Overhead Camshaft,Red,Hatchback,395
Chevrolet,Cavalier,Overhead Camshaft,Red,SUV,396
Mercury,Mountaineer,Overhead Camshaft,Red,SUV,397
Honda,Passport,Overhead Camshaft,Pale White,SUV,398
Toyota,Corolla,Overhead Camshaft,Red,Passenger,399
Dodge,Stratus,Overhead Camshaft,Red,Hatchback,400
Cadillac,DeVille,Double Overhead Camshaft,Red,SUV,401
Honda,Civic,Overhead Camshaft,Pale White,Hatchback,402
Pontiac,Grand Am,Double Overhead Camshaft,Red,SUV,403
Buick,Park Avenue,Double Overhead Camshaft,Red,Hatchback,404
Jeep,Wrangler,Overhead Camshaft,Pale White,Hatchback,405
Infiniti,I30,Double Overhead Camshaft,Red,SUV,406
Mercedes-B,SLK,Double Overhead Camshaft,Red,Passenger,407
Volvo,S40,Overhead Camshaft,Red,Sedan,408
BMW,328i,Overhead Camshaft,Red,Sedan,409
Chevrolet,Metro,Overhead Camshaft,Red,Passenger,410
Mercedes-B,SL-Class,Overhead Camshaft,Red,Hatchback,411
Pontiac,Grand Prix,Double Overhead Camshaft,Red,Passenger,412
Dodge,Caravan,Double Overhead Camshaft,Black,Hatchback,413
Chevrolet,Monte Carlo,Double Overhead Camshaft,Red,Hatchback,414
BMW,528i,Overhead Camshaft,Red,SUV,415
Subaru,Forester,Overhead Camshaft,Red,Hardtop,416
Mitsubishi,Diamante,Overhead Camshaft,Red,Hatchback,417
Infiniti,I30,Double Overhead Camshaft,Red,Hatchback,418
Mercury,Mountaineer,Double Overhead Camshaft,Pale White,Hatchback,419
Plymouth,Breeze,Double Overhead Camshaft,Red,Hatchback,420
Cadillac,Escalade,Overhead Camshaft,Black,Sedan,421
Pontiac,Bonneville,Double Overhead Camshaft,Red,Hatchback,422
Plymouth,Prowler,Overhead Camshaft,Red,Hatchback,423
Volkswagen,Passat,Overhead Camshaft,Red,Hatchback,424
Audi,A6,Double Overhead Camshaft,Pale White,SUV,425
Subaru,Outback,Overhead Camshaft,Red,SUV,426
Saturn,SC,Overhead Camshaft,Red,Hardtop,427
Ford,F-Series,Overhead Camshaft,Red,Passenger,428
Mercedes-B,CL500,Overhead Camshaft,Red,SUV,429
Lexus,LS400,Overhead Camshaft,Black,Sedan,430
Plymouth,Voyager,Overhead Camshaft,Red,Passenger,431
Subaru,Forester,Overhead Camshaft,Red,Hatchback,432
Toyota,Camry,Double Overhead Camshaft,Red,Hatchback,433
Oldsmobile,Silhouette,Overhead Camshaft,Red,Sedan,434
Hyundai,Elantra,Overhead Camshaft,Red,Sedan,435
Chevrolet,Monte Carlo,Overhead Camshaft,Red,Hatchback,436
Plymouth,Neon,Double Overhead Camshaft,Black,SUV,437
Ford,Focus,Overhead Camshaft,Black,Hatchback,438
Pontiac,Sunfire,Overhead Camshaft,Red,Sedan,439
Chrysler,LHS,Double Overhead Camshaft,Red,Hatchback,440
Toyota,Sienna,Overhead Camshaft,Red,Passenger,441
Porsche,Carrera Cabrio,Overhead Camshaft,Black,Passenger,442
Ford,Escort,Double Overhead Camshaft,Red,Passenger,443
Acura,RL,Overhead Camshaft,Red,SUV,444
Chrysler,Concorde,Double Overhead Camshaft,Pale White,SUV,445
Volkswagen,GTI,Overhead Camshaft,Pale White,SUV,446
Ford,Windstar,Double Overhead Camshaft,Red,Sedan,447
Nissan,Pathfinder,Double Overhead Camshaft,Red,Hatchback,448
Plymouth,Neon,Overhead Camshaft,Black,SUV,449
Dodge,Viper,Double Overhead Camshaft,Red,SUV,450
Mitsubishi,3000GT,Overhead Camshaft,Black,Sedan,451
Oldsmobile,Aurora,Double Overhead Camshaft,Red,Passenger,452
Ford,Expedition,Overhead Camshaft,Red,SUV,453
Cadillac,Escalade,Double Overhead Camshaft,Pale White,Sedan,454
Mercedes-B,SL-Class,Overhead Camshaft,Black,SUV,455
Buick,Century,Double Overhead Camshaft,Pale White,Hardtop,456
Chevrolet,Prizm,Overhead Camshaft,Red,Hatchback,457
Chrysler,Sebring Coupe,Double Overhead Camshaft,Red,Sedan,458
Saturn,LW,Overhead Camshaft,Red,Hatchback,459
Mitsubishi,Montero Sport,Overhead Camshaft,Red,Hatchback,460
Porsche,Carrera Coupe,Overhead Camshaft,Black,SUV,461
Ford,Mustang,Overhead Camshaft,Red,Hatchback,462
Mercury,Sable,Overhead Camshaft,Red,Sedan,463
Mercury,Grand Marquis,Overhead Camshaft,Red,SUV,464
Lexus,GS300,Overhead Camshaft,Red,Passenger,465
Toyota,Land Cruiser,Double Overhead Camshaft,Red,SUV,466
Mercedes-B,E-Class,Double Overhead Camshaft,Red,Sedan,467
Volkswagen,Passat,Double Overhead Camshaft,Red,Hatchback,468
Cadillac,Seville,Overhead Camshaft,Black,Hatchback,469
Oldsmobile,Bravada,Double Overhead Camshaft,Red,Hatchback,470
Chevrolet,Camaro,Double Overhead Camshaft,Red,Sedan,471
Dodge,Ram Pickup,Double Overhead Camshaft,Red,Hardtop,472
Oldsmobile,Intrigue,Overhead Camshaft,Red,SUV,473
Ford,Crown Victoria,Double Overhead Camshaft,Red,Passenger,474
Lincoln,Continental,Overhead Camshaft,Red,Passenger,475
Mitsubishi,Eclipse,Double Overhead Camshaft,Black,Hatchback,476
Jeep,Wrangler,Double Overhead Camshaft,Red,Hatchback,477
Volvo,S70,Double Overhead Camshaft,Pale White,Hatchback,478
Oldsmobile,Aurora,Overhead Camshaft,Red,Passenger,479
Infiniti,I30,Double Overhead Camshaft,Black,Hatchback,480
Nissan,Maxima,Overhead Camshaft,Red,Sedan,481
Dodge,Durango,Double Overhead Camshaft,Red,SUV,482
Chrysler,Concorde,Double Overhead Camshaft,Red,Hatchback,483
Dodge,Neon,Overhead Camshaft,Red,Hardtop,484
Mercedes-B,S-Class,Overhead Camshaft,Red,SUV,485
Pontiac,Firebird,Overhead Camshaft,Black,Hardtop,486
Honda,CR-V,Double Overhead Camshaft,Red,SUV,487
Infiniti,I30,Double Overhead Camshaft,Pale White,SUV,488
Chrysler,Cirrus,Double Overhead Camshaft,Red,Passenger,489
Nissan,Pathfinder,Overhead Camshaft,Black,Hardtop,490
Dodge,Avenger,Double Overhead Camshaft,Red,Passenger,491
Chevrolet,Prizm,Double Overhead Camshaft,Red,Hardtop,492
Cadillac,Eldorado,Double Overhead Camshaft,Red,Passenger,493
Subaru,Outback,Double Overhead Camshaft,Red,SUV,494
Cadillac,Catera,Double Overhead Camshaft,Red,Hatchback,495
Honda,Passport,Overhead Camshaft,Black,Hatchback,496
Buick,Park Avenue,Overhead Camshaft,Red,Hatchback,497
Mitsubishi,Montero Sport,Overhead Camshaft,Red,Hardtop,498
Mercedes-B,SL-Class,Overhead Camshaft,Red,Hardtop,499
Volkswagen,Golf,Double Overhead Camshaft,Red,Hatchback,500
Toyota,Tacoma,Overhead Camshaft,Pale White,SUV,501
Volvo,S40,Double Overhead Camshaft,Red,Sedan,502
Infiniti,I30,Overhead Camshaft,Red,Hardtop,503
Plymouth,Breeze,Double Overhead Camshaft,Red,Hardtop,504
Oldsmobile,Silhouette,Double Overhead Camshaft,Red,Sedan,505
Mercedes-B,SL-Class,Overhead Camshaft,Pale White,Hatchback,506
Ford,Ranger,Double Overhead Camshaft,Black,Hatchback,507
Nissan,Quest,Double Overhead Camshaft,Pale White,SUV,508
Nissan,Pathfinder,Double Overhead Camshaft,Red,Hardtop,509
Porsche,Carrera Coupe,Double Overhead Camshaft,Red,Hatchback,510
Ford,Focus,Overhead Camshaft,Red,SUV,511
BMW,323i,Overhead Camshaft,Red,Hatchback,512
Chevrolet,Prizm,Double Overhead Camshaft,Red,SUV,513
Chevrolet,Malibu,Double Overhead Camshaft,Black,Hardtop,514
Ford,Taurus,Overhead Camshaft,Red,SUV,515
Mitsubishi,Montero Sport,Double Overhead Camshaft,Red,Hardtop,516
Chevrolet,Corvette,Double Overhead Camshaft,Red,SUV,517
Volkswagen,Cabrio,Overhead Camshaft,Red,Sedan,518
Jaguar,S-Type,Overhead Camshaft,Red,Passenger,519
Audi,A4,Double Overhead Camshaft,Black,Hatchback,520
Volkswagen,GTI,Double Overhead Camshaft,Red,SUV,521
Nissan,Altima,Double Overhead Camshaft,Red,Hatchback,522
Chevrolet,Malibu,Double Overhead Camshaft,Pale White,SUV,523
Buick,Regal,Overhead Camshaft,Red,Passenger,524
Chrysler,Concorde,Double Overhead Camshaft,Black,Hardtop,525
Oldsmobile,Cutlass,Double Overhead Camshaft,Red,Sedan,526
Pontiac,Bonneville,Overhead Camshaft,Red,Hatchback,527
Chrysler,Concorde,Overhead Camshaft,Black,Hatchback,528
Buick,Century,Double Overhead Camshaft,Pale White,Hatchback,529
Subaru,Forester,Double Overhead Camshaft,Black,Hatchback,530
Oldsmobile,Intrigue,Double Overhead Camshaft,Red,SUV,531
Chevrolet,Impala,Double Overhead Camshaft,Black,Hatchback,532
Porsche,Boxter,Overhead Camshaft,Red,SUV,533
Mercury,Sable,Double Overhead Camshaft,Red,Sedan,534
Volvo,S40,Double Overhead Camshaft,Black,Sedan,535
Mercedes-B,M-Class,Double Overhead Camshaft,Black,Hardtop,536
Volvo,S70,Double Overhead Camshaft,Black,Hatchback,537
Mitsubishi,Montero Sport,Double Overhead Camshaft,Red,Hatchback,538
Infiniti,I30,Double Overhead Camshaft,Black,SUV,539
Dodge,Stratus,Double Overhead Camshaft,Red,Hatchback,540
Honda,Accord,Overhead Camshaft,Red,Sedan,541
Volvo,S80,Overhead Camshaft,Red,Sedan,542
Mercedes-B,SLK230,Overhead Camshaft,Red,Hatchback,543
Lexus,LS400,Overhead Camshaft,Red,Sedan,544
Infiniti,I30,Double Overhead Camshaft,Red,Hardtop,545
Chevrolet,Impala,Overhead Camshaft,Red,Hatchback,546
Saab,9-3,Double Overhead Camshaft,Red,Sedan,547
Saturn,SL,Double Overhead Camshaft,Black,SUV,548
Mitsubishi,Montero Sport,Double Overhead Camshaft,Red,SUV,549
Audi,A4,Double Overhead Camshaft,Black,SUV,550
Volkswagen,Jetta,Overhead Camshaft,Pale White,Passenger,551
Volkswagen,Golf,Overhead Camshaft,Pale White,Hatchback,552
Hyundai,Sonata,Overhead Camshaft,Red,SUV,553
Volkswagen,Golf,Double Overhead Camshaft,Pale White,Hatchback,554
Volkswagen,Beetle,Overhead Camshaft,Red,Hatchback,555
Chevrolet,Lumina,Overhead Camshaft,Red,Passenger,556
Mercedes-B,SL-Class,Overhead Camshaft,Red,SUV,557
Chevrolet,Prizm,Overhead Camshaft,Red,Hardtop,558
Volvo,C70,Overhead Camshaft,Red,Hatchback,559
Dodge,Ram Pickup,Overhead Camshaft,Red,Hatchback,560
Toyota,Corolla,Double Overhead Camshaft,Red,Passenger,561
Jeep,Grand Cherokee,Double Overhead Camshaft,Pale White,SUV,562
Chevrolet,Prizm,Double Overhead Camshaft,Black,Hatchback,563
Ford,Contour,Double Overhead Camshaft,Red,Sedan,564
Volvo,S70,Overhead Camshaft,Red,Hatchback,565
Volkswagen,Jetta,Overhead Camshaft,Red,Passenger,566
Saturn,SL,Double Overhead Camshaft,Red,SUV,567
Mercury,Mystique,Double Overhead Camshaft,Black,Passenger,568
Saturn,SC,Double Overhead Camshaft,Black,Hatchback,569
Volkswagen,Golf,Overhead Camshaft,Red,Hatchback,570
Dodge,Ram Pickup,Double Overhead Camshaft,Pale White,Hardtop,571
Dodge,Durango,Overhead Camshaft,Red,SUV,572
Plymouth,Prowler,Double Overhead Camshaft,Red,Hatchback,573
Mercedes-B,S-Class,Double Overhead Camshaft,Red,SUV,574
Dodge,Ram Van,Double Overhead Camshaft,Red,Hatchback,575
Dodge,Dakota,Overhead Camshaft,Red,Sedan,576
Ford,Escort,Overhead Camshaft,Black,Passenger,577
Nissan,Pathfinder,Overhead Camshaft,Red,Hatchback,578
Volkswagen,Golf,Double Overhead Camshaft,Red,SUV,579
Ford,Ranger,Overhead Camshaft,Black,SUV,580
Volkswagen,Beetle,Double Overhead Camshaft,Red,Hatchback,581
Dodge,Caravan,Double Overhead Camshaft,Red,SUV,582
Ford,Focus,Overhead Camshaft,Red,Hatchback,583
Chevrolet,Malibu,Overhead Camshaft,Red,Hardtop,584
Ford,Mustang,Double Overhead Camshaft,Red,Hatchback,585
Subaru,Forester,Overhead Camshaft,Red,SUV,586
Ford,Focus,Overhead Camshaft,Red,Hardtop,587
Oldsmobile,Intrigue,Double Overhead Camshaft,Black,SUV,588
Infiniti,I30,Overhead Camshaft,Red,SUV,589
Lexus,RX300,Overhead Camshaft,Black,Hardtop,590
Volkswagen,Golf,Double Overhead Camshaft,Red,Hardtop,591
Chevrolet,Malibu,Overhead Camshaft,Red,Hatchback,592
Chrysler,Concorde,Double Overhead Camshaft,Red,Hardtop,593
Chevrolet,Prizm,Overhead Camshaft,Red,SUV,594
Porsche,Carrera Coupe,Double Overhead Camshaft,Red,Hardtop,595
Mitsubishi,Eclipse,Overhead Camshaft,Pale White,Hatchback,596
Chevrolet,Malibu,Double Overhead Camshaft,Red,Hatchback,597
Volvo,S70,Double Overhead Camshaft,Black,Hardtop,598
Volkswagen,Golf,Overhead Camshaft,Pale White,Hardtop,599
Saturn,SC,Double Overhead Camshaft,Red,Hatchback,600
Mercedes-B,SL-Class,Overhead Camshaft,Black,Hatchback,601
Pontiac,Firebird,Overhead Camshaft,Black,SUV,602
Chevrolet,Prizm,Double Overhead Camshaft,Black,SUV,603
Lincoln,Town car,Double Overhead Camshaft,Black,Hatchback,604
Saturn,SC,Overhead Camshaft,Red,SUV,605
Toyota,Tacoma,Overhead Camshaft,Red,Hardtop,606
Saturn,LS,Double Overhead Camshaft,Red,Sedan,607
Dodge,Intrepid,Double Overhead Camshaft,Red,Sedan,608
Mitsubishi,Montero Sport,Overhead Camshaft,Red,SUV,609
Volkswagen,Beetle,Overhead Camshaft,Red,Hardtop,610
Nissan,Pathfinder,Overhead Camshaft,Pale White,SUV,611
Chevrolet,Prizm,Double Overhead Camshaft,Black,Hardtop,612
Volvo,S70,Overhead Camshaft,Red,Hardtop,613
Chrysler,Concorde,Overhead Camshaft,Pale White,Hatchback,614
Chrysler,Concorde,Overhead Camshaft,Black,Hardtop,615
Nissan,Pathfinder,Overhead Camshaft,Red,Hardtop,616
Nissan,Pathfinder,Double Overhead Camshaft,Red,SUV,617
Chevrolet,Malibu,Double Overhead Camshaft,Black,SUV,618
Plymouth,Breeze,Double Overhead Camshaft,Red,SUV,619
Cadillac,Seville,Overhead Camshaft,Pale White,Hardtop,620
Mercedes-B,M-Class,Overhead Camshaft,Red,Hatchback,621
Mercedes-B,M-Class,Double Overhead Camshaft,Black,SUV,622
Volvo,S70,Overhead Camshaft,Pale White,SUV,623
Toyota,Tacoma,Overhead Camshaft,Red,Hatchback,624
Mitsubishi,Montero Sport,Overhead Camshaft,Black,SUV,625
Saturn,SC,Overhead Camshaft,Red,Hatchback,626
Dodge,Caravan,Double Overhead Camshaft,Pale White,SUV,627
Dodge,Ram Pickup,Double Overhead Camshaft,Red,Hatchback,628
Mercedes-B,C-Class,Double Overhead Camshaft,Red,Hatchback,629
Chevrolet,Malibu,Double Overhead Camshaft,Red,Hardtop,630
Cadillac,Seville,Overhead Camshaft,Black,SUV,631
Dodge,Caravan,Double Overhead Camshaft,Red,Hatchback,632
Chrysler,Concorde,Double Overhead Camshaft,Red,SUV,633
Chevrolet,Prizm,Double Overhead Camshaft,Red,Hatchback,634
Porsche,Carrera Coupe,Double Overhead Camshaft,Red,SUV,635
Mercedes-B,M-Class,Overhead Camshaft,Red,Hardtop,636
Chrysler,Concorde,Overhead Camshaft,Pale White,Hardtop,637
Honda,Passport,Overhead Camshaft,Black,Hardtop,638
Volkswagen,Golf,Overhead Camshaft,Pale White,SUV,639
Volkswagen,Golf,Double Overhead Camshaft,Pale White,SUV,640
Oldsmobile,Alero,Overhead Camshaft,Black,Hardtop,641
Volkswagen,Beetle,Overhead Camshaft,Red,SUV,642
Lexus,ES300,Overhead Camshaft,Black,Hardtop,643
Volvo,S70,Overhead Camshaft,Red,SUV,644
Subaru,Forester,Double Overhead Camshaft,Red,Hardtop,645
Chrysler,Concorde,Overhead Camshaft,Black,SUV,646
Nissan,Pathfinder,Overhead Camshaft,Red,SUV,647
Volkswagen,Beetle,Double Overhead Camshaft,Red,SUV,648
Cadillac,Seville,Overhead Camshaft,Pale White,SUV,649
Porsche,Carrera Coupe,Overhead Camshaft,Pale White,SUV,650
Dodge,Ram Pickup,Double Overhead Camshaft,Red,SUV,651
Dodge,Caravan,Double Overhead Camshaft,Red,Hardtop,652
Mercedes-B,M-Class,Overhead Camshaft,Red,SUV,653
Chevrolet,Malibu,Overhead Camshaft,Red,SUV,654
Lexus,ES300,Overhead Camshaft,Black,SUV,655
Mitsubishi,Eclipse,Double Overhead Camshaft,Black,SUV,656
Mitsubishi,Eclipse,Overhead Camshaft,Pale White,SUV,657
Chevrolet,Malibu,Double Overhead Camshaft,Red,SUV,658
Ford,Ranger,Double Overhead Camshaft,Black,Hardtop,659
Mitsubishi,Eclipse,Overhead Camshaft,Black,Hardtop,660
Saturn,SC,Double Overhead Camshaft,Red,SUV,661
Chevrolet,Prizm,Double Overhead Camshaft,Pale White,SUV,662
Jeep,Wrangler,Overhead Camshaft,Red,Hatchback,663
Chrysler,Concorde,Overhead Camshaft,Pale White,SUV,664
Buick,Century,Double Overhead Camshaft,Pale White,SUV,665
Subaru,Forester,Overhead Camshaft,Pale White,SUV,666
Toyota,Avalon,Double Overhead Camshaft,Pale White,Sedan,667
Porsche,Carrera Coupe,Double Overhead Camshaft,Pale White,Hardtop,668
Ford,Focus,Overhead Camshaft,Pale White,Hardtop,669
Chrysler,Town & Country,Double Overhead Camshaft,Pale White,Sedan,670
Infiniti,I30,Double Overhead Camshaft,Pale White,Hatchback,671
Saab,9-3,Double Overhead Camshaft,Pale White,Sedan,672
Subaru,Forester,Double Overhead Camshaft,Pale White,Hardtop,673
Honda,Passport,Double Overhead Camshaft,Black,Hardtop,674
Mercury,Mountaineer,Overhead Camshaft,Pale White,Hardtop,675
Volkswagen,Beetle,Overhead Camshaft,Pale White,Hardtop,676
Dodge,Caravan,Overhead Camshaft,Pale White,Hatchback,677
Dodge,Neon,Overhead Camshaft,Pale White,Hatchback,678
Toyota,Sienna,Double Overhead Camshaft,Pale White,Passenger,679
Lexus,GS300,Overhead Camshaft,Pale White,Passenger,680
Toyota,4Runner,Double Overhead Camshaft,Black,Sedan,681
Dodge,Caravan,Overhead Camshaft,Pale White,Hardtop,682
Dodge,Neon,Overhead Camshaft,Pale White,Hardtop,683
Volkswagen,Beetle,Double Overhead Camshaft,Pale White,Hardtop,684
Volkswagen,Beetle,Overhead Camshaft,Pale White,Hatchback,685
Honda,Passport,Double Overhead Camshaft,Black,Hatchback,686
Toyota,4Runner,Double Overhead Camshaft,Pale White,Sedan,687
Mercury,Mountaineer,Overhead Camshaft,Pale White,Hatchback,688
Ford,Mustang,Double Overhead Camshaft,Black,Hatchback,689
Saturn,SC,Overhead Camshaft,Pale White,Hardtop,690
Jeep,Wrangler,Double Overhead Camshaft,Black,Hatchback,691
Dodge,Caravan,Overhead Camshaft,Red,Hardtop,692
Dodge,Ram Wagon,Overhead Camshaft,Pale White,Passenger,693
Audi,A8,Overhead Camshaft,Red,Passenger,694
Dodge,Caravan,Overhead Camshaft,Red,Hatchback,695
Toyota,4Runner,Double Overhead Camshaft,Red,Sedan,696
Dodge,Neon,Overhead Camshaft,Red,Hatchback,697
Nissan,Xterra,Overhead Camshaft,Red,Passenger,698
Dodge,Ram Pickup,Overhead Camshaft,Red,Hardtop,699
Mercury,Mountaineer,Overhead Camshaft,Red,Hatchback,700
Volvo,S70,Overhead Camshaft,Black,Hatchback,701
BMW,328i,Double Overhead Camshaft,Pale White,Sedan,702
Lincoln,Navigator,Double Overhead Camshaft,Pale White,Sedan,703
Oldsmobile,Alero,Overhead Camshaft,Black,Hatchback,704
Dodge,Ram Van,Overhead Camshaft,Red,Hatchback,705
Lexus,RX300,Overhead Camshaft,Black,Hatchback,706
Mercury,Mountaineer,Overhead Camshaft,Red,Hardtop,707
Nissan,Pathfinder,Overhead Camshaft,Black,Hatchback,708
Chrysler,Cirrus,Overhead Camshaft,Red,Passenger,709
Volkswagen,Golf,Overhead Camshaft,Red,SUV,710
Saab,9-5,Double Overhead Camshaft,Black,Hatchback,711
Chevrolet,Malibu,Double Overhead Camshaft,Pale White,Hatchback,712
Dodge,Caravan,Overhead Camshaft,Red,SUV,713
Dodge,Neon,Overhead Camshaft,Red,SUV,714
Audi,A8,Overhead Camshaft,Pale White,Passenger,715
Nissan,Sentra,Double Overhead Camshaft,Pale White,Passenger,716
Oldsmobile,Bravada,Overhead Camshaft,Pale White,Hatchback,717
Volkswagen,Beetle,Overhead Camshaft,Pale White,SUV,718
Toyota,Land Cruiser,Overhead Camshaft,Pale White,SUV,719
Mitsubishi,Eclipse,Overhead Camshaft,Black,Hatchback,720
Lexus,ES300,Double Overhead Camshaft,Black,Hatchback,721
Plymouth,Breeze,Overhead Camshaft,Pale White,Hatchback,722
Honda,Passport,Overhead Camshaft,Black,SUV,723
Ford,Ranger,Double Overhead Camshaft,Black,SUV,724
Dodge,Neon,Overhead Camshaft,Pale White,SUV,725
Dodge,Caravan,Overhead Camshaft,Pale White,SUV,726
Saturn,SC,Double Overhead Camshaft,Pale White,Hardtop,727
Porsche,Carrera Coupe,Double Overhead Camshaft,Pale White,SUV,728
Lexus,RX300,Overhead Camshaft,Black,SUV,729
Subaru,Forester,Double Overhead Camshaft,Red,Hatchback,730
Volkswagen,Golf,Overhead Camshaft,Red,Hardtop,731
Infiniti,I30,Overhead Camshaft,Red,Hatchback,732
Dodge,Ram Pickup,Overhead Camshaft,Red,SUV,733
Lexus,ES300,Double Overhead Camshaft,Black,Hardtop,734
Dodge,Ram Van,Overhead Camshaft,Pale White,Hatchback,735
Ford,Crown Victoria,Overhead Camshaft,Black,Passenger,736
Chrysler,Cirrus,Overhead Camshaft,Pale White,Passenger,737
Subaru,Forester,Double Overhead Camshaft,Pale White,SUV,738
Saturn,SC,Double Overhead Camshaft,Pale White,SUV,739
Toyota,Tacoma,Overhead Camshaft,Red,SUV,740
